fallacies.df.Topic;fallacies.df.Intended.Fallacy;fallacies.df.Text;Eric;Pieter;Murilo
Are humans to blame for certain animal extinctions?;No Fallacy;Yes, human beings have hunted and eaten animals for as long as can be shown and they are partly to blame for certain animal extinctions.;1;;
Are humans to blame for certain animal extinctions?;No Fallacy;Humans are not to be blamed for animal extinction.;0;;
Are humans to blame for certain animal extinctions?;No Fallacy;OF course they are!;0;;
Are humans to blame for certain animal extinctions?;No Fallacy;We know that only the fittest can survive in this world.;0;;
Are humans to blame for certain animal extinctions?;No Fallacy;just a test arg;0;;
Are humans to blame for certain animal extinctions?;No Fallacy;Yes, they are.;0;;
Are humans to blame for certain animal extinctions?;Ad Hominem;Extinction is not natural, you dont know what you are talking about!;1;;
Are humans to blame for certain animal extinctions?;No Fallacy;Humans don't care enough for living beings.;1;;
Are humans to blame for certain animal extinctions?;No Fallacy;Humans must be blamed for using animals.;0;;
Are humans to blame for certain animal extinctions?;Ad Hominem;Of course. You throw your garbage into the ocean, dont you? you are responsible for killings. Murderer.;1;;
Are humans to blame for certain animal extinctions?;No Fallacy;Humans are to blame for some animal extinctions.;0;;
Are Quentin Tarantinos movies too violent?;Ad Hominem;Oh now, I'm not going to bebate with you... Habe you even read the instructions?!!;;;
Are Quentin Tarantinos movies too violent?;No Fallacy;They certainly could be more violent. The thing with Quentin Tarantino is that he understands the separation between real life and movies. He understands that movies are supposed to be wild and outrageous and that is exactly what his movies are known for, especially when it comes to violence. Scenes from movies like Django Unchained had body parts exploding off after being shot with a simple handgun. It's supposed to be for entertainment, and nothing more.;;;
Are Quentin Tarantinos movies too violent?;Ad Hominem;If you think they're too violent, maybe you should go back to watching Disney movies because you can't handle the harsh reality of the world.;;;
Are Quentin Tarantinos movies too violent?;No Fallacy;While depiction of violence in movies does reflect violent acts that appear in the real world, such depictions only introduce more negative examples of human behavior into discourse, and thus are all detrimental. Quentin Tarantino's movies are too violent not because of an excess of violence, but that they depict any violence.;;;
Are Quentin Tarantinos movies too violent?;No Fallacy;Multiple people always die in a gruesome way in all of his movies. He also makes it look funny.;;;
Are Quentin Tarantinos movies too violent?;No Fallacy;Everyone can choose what movies to watch, and we should respect everyone's preferences.;;;
Are Quentin Tarantinos movies too violent?;No Fallacy;Sorry, but maybe your son is too young for his movies? My daughter would also cry if she saw Reservoir Dogs, but this does not mean, that the movie is too violent. It does just mean, that she is too young for the movie.;;;
Are Quentin Tarantinos movies too violent?;Ad Hominem;Dont be this soft. Real men are able to watch his movies without crying.;;;
Are single sex schools more effective than co-ed schools?;No Fallacy;It could be hard for students to assimilate into mixed gender society.;;;
Are single sex schools more effective than co-ed schools?;No Fallacy;I regard single sex education as bad.;;;
Are single sex schools more effective than co-ed schools?;No Fallacy;There are advantages to sending your child to a co-ed school.;;;
Are single sex schools more effective than co-ed schools?;No Fallacy;I really felt if I had stayed in single-sex, I would have been unprepared for life after high school, socially speaking.;;;
Are single sex schools more effective than co-ed schools?;No Fallacy;Single-sex schools are more effective.;;;
Are single sex schools more effective than co-ed schools?;No Fallacy;I don’t think school children should spend as much time as they usually do isolated by age, let alone sex.;;;
Are single sex schools more effective than co-ed schools?;No Fallacy;I really felt if I had stayed in single-sex, I would have been unprepared for life after high school, socially speaking.;;;
Are single sex schools more effective than co-ed schools?;No Fallacy;I highly recommend a co-ed school.;;;
Are single sex schools more effective than co-ed schools?;No Fallacy;Social education is important, alongside academics. The real world is not segregated, nor are universities.;;;
Are single sex schools more effective than co-ed schools?;No Fallacy;Single sex schools are not good.;;;
Are single sex schools more effective than co-ed schools?;No Fallacy;Personally I’d go co-ed.;;;
Are single sex schools more effective than co-ed schools?;No Fallacy;Seriously, our society depends on us interacting with each, at the very least, since we each make up over half the damn species!;;;
Are single sex schools more effective than co-ed schools?;No Fallacy;Mixed schools are in the majority. And the rate of children getting parents is very low. You are just feared.;;;
Are single sex schools more effective than co-ed schools?;No Fallacy;I would much prefer my children attend single-sex high schools.;;;
Are single sex schools more effective than co-ed schools?;No Fallacy;Co-ed schools are better for life.;;;
Are single sex schools more effective than co-ed schools?;No Fallacy;I think it is generally accepted amongst educators that single-sex schools at high school level is better for learning outcomes than co-ed schools.;;;
Are single sex schools more effective than co-ed schools?;No Fallacy;I would of much preferred gone to a co-ed.;;;
Are single sex schools more effective than co-ed schools?;Ad Hominem;Of course they are not! You probably went to one, that's why ask those questions.;;;
Are single sex schools more effective than co-ed schools?;No Fallacy;I'm basically against single-sex education.;;;
Are single sex schools more effective than co-ed schools?;Ad Hominem;I think you visited this school. That is why you are not able to argue right.;;;
Are single sex schools more effective than co-ed schools?;No Fallacy;If my daughters can be in an environment that celebrates girls as intelligent, creative individuals, without the boy craziness, than I will take it.;;;
Are single sex schools more effective than co-ed schools?;No Fallacy;Definitely co-ed!;;;
Are single sex schools more effective than co-ed schools?;No Fallacy;Adolescence is hard enough without having to try learning in an environment of hormone-laced competition and distraction.;;;
Are single sex schools more effective than co-ed schools?;No Fallacy;Im sure they are. Love affairs between students are minimized and that makes them focus on the (more important) teaching-material.;;;
Are single sex schools more effective than co-ed schools?;No Fallacy;Yes, single-sex!;;;
Are single sex schools more effective than co-ed schools?;Ad Hominem;Because there must not be sex difference in the schools;;;
Are single sex schools more effective than co-ed schools?;No Fallacy;Single sex education has been very good for girls, especially.;;;
Are single sex schools more effective than co-ed schools?;No Fallacy;Interestingly the boys I know from single sex schools seem more against it than the girls and they do feel they were socially hampered a bit.;;;
Did media ignore crimes from refugees?;Ad Hominem;Refugees are all criminals and you know it;;;
Did media ignore crimes from refugees?;Ad Hominem;I think you are a bit paranoid, aren't you?;;;
Did media ignore crimes from refugees?;No Fallacy;Yes, before the insults from cologne, no newspaper reported crimes from refugees. I dont think that before this date no crimes from refugees were committed.;;;
Did media ignore crimes from refugees?;No Fallacy;You worked at ONE station. You cannot have a total overview over all refugees. It is very likely, that they committed crimes as exactly as other population groups.;;;
Did Titanic really deserve 11 oscars at once?;Ad Hominem;You have obviously no idea of movies. Better get a bigger TV, maybe then you can see better what happens on the screen.;;;
Did Titanic really deserve 11 oscars at once?;No Fallacy;No, there are much better movies, which got less.;;;
Did Titanic really deserve 11 oscars at once?;Ad Hominem;Have you ever watched a movie? I think you have no idea of movies.;;;
Did Titanic really deserve 11 oscars at once?;No Fallacy;I think Titanic deserve 11 Oscars at once.;;;
Did Titanic really deserve 11 oscars at once?;No Fallacy;On what basis? The film wasn't creative. I can easily make a film about Sandy Hook and get all the credit for the story. It was a copy and paste of a story already written in the history books.;;;
Do celebrities get away with more crime than non-celebreties?;No Fallacy;"No It simply means that they have a stockpile of cash that could buy eventually anything for them; for example – “Justice”.";;;
Do celebrities get away with more crime than non-celebreties?;No Fallacy;The rate of celebraties that go into rehab and the rate of other people going to jail for drug posession stongly suggests this is the case.;;;
Do celebrities get away with more crime than non-celebreties?;Ad Hominem;Only people who are really dumb think celebrities get away with more crime.;;;
Do celebrities get away with more crime than non-celebreties?;Ad Hominem;I think you have absolutely no idead, thats all.;;;
Do celebrities get away with more crime than non-celebreties?;No Fallacy;Celebrities are poor, isolated, suffering human beings.;;;
Do celebrities get away with more crime than non-celebreties?;No Fallacy;Celebrities may not get off easy.;;;
Do celebrities get away with more crime than non-celebreties?;Ad Hominem;If i read your arguments, i hope that they put you in prison...;;;
Do celebrities get away with more crime than non-celebrities?;No Fallacy;But if you read some investigative journalists, you'll find out the truth...;;;
Do celebrities get away with more crime than non-celebrities?;Ad Hominem;I doubt that you know how the legal system in germany works.;;;
Do celebrities get away with more crime than non-celebrities?;No Fallacy;Of course they do.;;;
Do celebrities get away with more crime than non-celebrities?;No Fallacy;the police will not dare to give them a ticket;;;
Do celebrities get away with more crime than non-celebrities?;No Fallacy;Well in germany this is not the case. The legal system works else. The state prosecutors main-task is not to get you in jail, like it is in the USA. He has to investigate into both directions. Thats why the process-costs are less and thats why it is fair. Celebrities have the same chance as the average citizen.;;;
Do celebrities get away with more crime than non-celebrities?;No Fallacy;Of course not.;;;
Do celebrities get away with more crime than non-celebrities?;No Fallacy;Contrary to the above statement celebrities have it harder than ordinary people.;;;
Do school uniforms make school a more effective place to learn?;No Fallacy;Yes, they do make schools more effective.;;;
Do school uniforms make school a more effective place to learn?;No Fallacy;I don't think school uniforms can influence the pupils' performance.;;;
Do school uniforms make school a more effective place to learn?;No Fallacy;School uniforms just create an extra expense for parents and take away from school itself.;;;
Do school uniforms make school a more effective place to learn?;No Fallacy;School uniforms do not make school a more effective place to learn.;;;
Do school uniforms make school a more effective place to learn?;Ad Hominem;You are only against it, because you are poor.;;;
Do school uniforms make school a more effective place to learn?;Ad Hominem;I like school uniforms... You just don't want it because you can't afford it!;;;
Do school uniforms make school a more effective place to learn?;No Fallacy;Yes, school uniforms do create a better learning environment.;;;
Do social networking sites have a positive impact on society?;No Fallacy;I think the society in general benefits from Social Networks.;;;
Do social networking sites have a positive impact on society?;No Fallacy;The information in social networks is often not reliable.;;;
Do social networking sites have a positive impact on society?;Ad Hominem;Only morons think facebook is a good thing for society;;;
Do social networking sites have a positive impact on society?;No Fallacy;Social networks such as Facebook are the work of the devil.;;;
Do social networking sites have a positive impact on society?;No Fallacy;People become too involved with social media and fail to make real personal connections with others;;;
Do social networking sites have a positive impact on society?;No Fallacy;Social networking binds society closer together.;;;
Do social networking sites have a positive impact on society?;No Fallacy;Yes they have a positive impact, because you are much more connected to others, as you were earlier. More communication means better understanding of others. And better understanding leads to a more peaceful society.;;;
Do social networking sites have a positive impact on society?;No Fallacy;Social networking sites do not have a positive impact on society.;;;
Do we need a global environment task force?;Ad Hominem;It is people like you who force us normal people into the dictatorship of unnecessary organizations.;;;
Do we need a global environment task force?;No Fallacy;Yes, humans are not only mainly responsible for all current environmental problems , but we are also directly affected. We face problems like natural catastrophies, destruction of farm land, destruction of inhabitable areas and loss of resources.;;;
Do we need a global environment task force?;Ad Hominem;Who are you that you tell this bullshit? Your argument is totally nonsense...;;;
Do we need a global environment task force?;Ad Hominem;I can smell, that you are influenced by the 1968 movement. That is all.;;;
Do we need a global environment task force?;No Fallacy;Yes we do.;;;
Do we need a global environment task force?;No Fallacy;Single nations will always have their own benefits in mind and will twist local environment task force to suit there needs.;;;
Do we need a global environment task force?;No Fallacy;Only a few countries contribute to the majority of pollution.;;;
Do we need a global environment task force?;No Fallacy;Well, Ebola is a disease and it makes sense to coordinate countries worldwide to fight against it. To me, global environmental task force sounds fuzzy without a clear purpose. We don't need such an organization.;;;
Do we need a global environment task force?;No Fallacy;There is no need for it.;;;
Do we need a global environment task force?;No Fallacy;A global environment task force is a major tequirement.;;;
Do we need a global environment task force?;No Fallacy;States can't agree on actions against climate change;;;
Does Christiano Ronaldo deserve the title as worlds-greatest soccer-player?;Ad Hominem;You dont know how soccer works, have you ever kicked a ball?;;;
Does Christiano Ronaldo deserve the title as worlds-greatest soccer-player?;Ad Hominem;Of course not, what kind of expert are you to suggest this s*it?;;;
Does Christiano Ronaldo deserve the title as worlds-greatest soccer-player?;No Fallacy;Christiano Ronaldo hat viele Neider, doch er ist wohl mit Abstand der momentan beste Spieler der Welt.;;;
Does Christiano Ronaldo deserve the title as worlds-greatest soccer-player?;Ad Hominem;Are you dumb? This is no reason against the title as worlds-greatest soccer-player, it is completely off topic.;;;
Does Christiano Ronaldo deserve the title as worlds-greatest soccer-player?;Ad Hominem;He is a good charitable person, so yes he does.;;;
Does Christiano Ronaldo deserve the title as worlds-greatest soccer-player?;No Fallacy;No. No one deserve that title. Since players play such different positions, you can't really compare goalies and offensive players and defensive players. Perhaps you could argue that someone was the best player in a position, but Ronaldo and others can't be named best in the world.;;;
Does school detention do any good in high school?;No Fallacy;Detention is effective because it forces kids to spend some time on homework, takes them away from friends who might be getting them in to trouble, and forces them to miss activities they might prefer to be at, so it deters repeat bad behavior.;;;
Does school detention do any good in high school?;No Fallacy;Yes, if someone is bad at school or has some misbehavior, additional time in school could help him to catch up for lost time.;;;
Does school detention do any good in high school?;No Fallacy;I think it can have an effect on students that will get them to correct their behavior, as they may be embarrased that the have detention. However, kids who get detention all the time end up enjoying it because all of their friends are in there and it becomes more of a playground, instead of punishment.;;;
Does school detention do any good in high school?;No Fallacy;School detention does more harm than good;;;
Does school detention do any good in high school?;Ad Hominem;Teachers like you are the cancer of school system.;;;
Has anyone been on the moon?;No Fallacy;The Apollo missions were all faked. No one has ever been on the moon.;;;
Has anyone been on the moon?;No Fallacy;Yes the man has been on the moon.;;;
Has anyone been on the moon?;No Fallacy;All conspiracy theory supporters should first read Foucalt's Pendulum!;;;
Has anyone been on the moon?;No Fallacy;Yes, there's is no way that they could fake such an event. There is a lot proof, such as video footage and rocks brought back that could not be faked.;;;
Has anyone been on the moon?;No Fallacy;People have been on the moon already.;;;
Has anyone been on the moon?;No Fallacy;They brought several kilos of moon rocks back to earth, and you cannot simply fake four billion years old rock material.;;;
Has anyone been on the moon?;Ad Hominem;Yes, we have proof and don't need some nuts saying otherwise.;;;
Has anyone been on the moon?;Ad Hominem;You believe every retard on the internet, do you?;;;
Has anyone been on the moon?;No Fallacy;Of course they have been on the moon.;;;
Has anyone been on the moon?;Ad Hominem;I believe that you have no idea, thats why you didnt write a constructive argument.;;;
Has anyone been on the moon?;Ad Hominem;We have had people on the moon, no matter what conspiracy nuts living in their mother's basements say.;;;
Has anyone been on the moon?;No Fallacy;It is obviously that anyone has been on the moon. Meanwhile, 2015, there have been quite a lot expeditions to the moon. The newer ones were even livestreamed on Twitter and co. Dont tell me the government fakes livestreams.;;;
Has anyone been on the moon?;Ad Hominem;If you look at how much money we spend on Welfare you would know we would never blow it on fake money for NASA.;;;
Has anyone been on the moon?;No Fallacy;They brought several kilos of moon rocks back to earth, and you cannot simply fake four billion years old rock material.;;;
Has anyone been on the moon?;Ad Hominem;How could anyone be so uneducated to even ask such a question?;;;
Has anyone been on the moon?;No Fallacy;The Apollo missions were all faked. No one has ever been on the moon.;;;
Has anyone been on the moon?;No Fallacy;The americans certainly have not faked the videos.;;;
Has television destroyed the communication among friends and family?;No Fallacy;just a test argument;;;
Has television destroyed the communication among friends and family?;No Fallacy;Communication between family members suffers from watching TV.;;;
Has television destroyed the communication among friends and family?;No Fallacy;No, it does not.;;;
Has television destroyed the communication among friends and family?;Ad Hominem;You are just dumb.;;;
Has television destroyed the communication among friends and family?;No Fallacy;Television didn't destroy the communication among friends and families.;;;
Has television destroyed the communication among friends and family?;Ad Hominem;Television hasn't destroyed anyone, only losers and stupid people destroy themselves.;;;
Has television destroyed the communication among friends and family?;No Fallacy;Definitely so.;;;
Has television destroyed the communication among friends and family?;No Fallacy;people used to be sitting and talking, now they just sit silently next to each other not communicating.;;;
Has television destroyed the communication among friends and family?;No Fallacy;It has, earlier the people talked more with each other.;;;
Has television destroyed the communication among friends and family?;No Fallacy;It's a time killer;;;
Heavy Metal is the best music ever!;No Fallacy;I don't like Heavy Metal generally;;;
Heavy Metal is the best music ever!;No Fallacy;Heavy Metal is most definetely the best music ever!;;;
Heavy Metal is the best music ever!;No Fallacy;Heavy Metal is just a genre.;;;
Heavy Metal is the best music ever!;No Fallacy;I have listened to a lot of music and heavy metal has been the most complex and interesting one so far.  Id say: LETS ROCK,  heavy metal is the best.;;;
Heavy Metal is the best music ever!;Ad Hominem;Amen!!! And screw all the other gay motherfuckers who think it's not!!;;;
Heavy Metal is the best music ever!;No Fallacy;No. It's music of uneducated people. And now go wash your hair.;;;
Heavy Metal is the best music ever!;Ad Hominem;If you dont like heavy metal,  you are too soft.;;;
Heavy Metal is the best music ever!;No Fallacy;It definitely meets all the criteria for what makes good music.;;;
Heavy Metal is the best music ever!;Ad Hominem;nope and nope. get your music right.;;;
Is Apple the new Microsoft?;No Fallacy;Apple is definitely the new Microsoft. Apple is in almost every home in America in some fashion just like Microsoft is in every home as well. Apple actually has overtaken Microsoft in terms of market share.;;;
Is Apple the new Microsoft?;Ad Hominem;No it is not and never will be. Just because hipsters like you think that Apple's stuff looks so much cooler and throw their money at them does not make it any more important or powerful than Microsoft.;;;
Is Apple the new Microsoft?;Ad Hominem;And you are as stupid as they come... your logic is flawed and you need some debating tutolage.;;;
Is Apple the new Microsoft?;No Fallacy;I dont think thats the case. Both companies serve different types of customers. Microsoft creates operating-systems for the average pc-user whereas apple has specialized on products for Yuppies.;;;
Is Apple the new Microsoft?;Ad Hominem;I guess there are 10 times as many yuppies as average users?;;;
Is Apple the new Microsoft?;No Fallacy;no its not apple the new microsoft;;;
Is Apple's Swift the new star?;No Fallacy;Swift is very popular.;;;
Is Apple's Swift the new star?;No Fallacy;I don't even know what we are talking about, very sorry;;;
Is Apple's Swift the new star?;Ad Hominem;yes, the language is intuitive and easy to learn.;;;
Is Apple's Swift the new star?;No Fallacy;You obviously are another follower, point proven.;;;
Is Apple's Swift the new star?;No Fallacy;alter wein in neuen schläuchen;;;
Is Apple's Swift the new star?;No Fallacy;Nope, stars are in the sky;;;
Is Apple's Swift the new star?;Ad Hominem;Yes, everyone who doesn't use it is just too stupid to understand it.;;;
Is Apple's Swift the new star?;No Fallacy;This programming language is open for everybody, so it encourages more developers to participate.;;;
Is Christianity a peaceful religion?;Ad Hominem;You are the antichrist, you want to destroy our belief in god.;;;
Is Christianity a peaceful religion?;No Fallacy;Yes.  Philippians 4:7 says that God will give us peace that surpasses all understanding.;;;
Is Christianity a peaceful religion?;No Fallacy;The instructions given in the new testament, which christians should observe, are peaceful and focused on love.;;;
Is Christianity a peaceful religion?;No Fallacy;The topic is about Christianity in specific, not about religions in general. And christianity is not at war in Middle East.;;;
Is Christianity a peaceful religion?;No Fallacy;Yes, Jesus has almost never used force. Just once to chase away some merchants. He preached of love and forgiveness. The religion builds upon his teachings, so yes, it is peaceful.;;;
Is Christianity a peaceful religion?;Ad Hominem;Im sure you are a christ, that is the reason why you are so prejudiced.;;;
Is democracy the best system available?;No Fallacy;good point. why not;;;
Is democracy the best system available?;Ad Hominem;You're crazy if you think God is in charge.;;;
Is democracy the best system available?;Ad Hominem;Yes, because you would be a miserable dictator.;;;
Is democracy the best system available?;No Fallacy;History has proven that democracy is the best system available- all other systems have been eliminated.;;;
Is democracy the best system available?;No Fallacy;Of course it is! All of the best nations in the world are democratic.;;;
Is democracy the best system available?;No Fallacy;If you look at the history, you will see, that humanity has already tried a lot of different political systems. Democracy has always been the one, where people were the happiest.Therefore i say, yes;;;
Is democracy the best system available?;No Fallacy;Maybe not. There are a lot of systems, which have not been tried so far.;;;
Is democracy the best system available?;No Fallacy;Letting everyone vote is a bad idea.;;;
Is democracy the best system available?;No Fallacy;Democracy is peaceful.;;;
Is drug testing athletes justified?;No Fallacy;It is fair to do so to make sure no one is cheating;;;
Is drug testing athletes justified?;Ad Hominem;You are so damn soft and weak.  I guess you did never do sports, right?;;;
Is drug testing athletes justified?;Ad Hominem;If you are against these tests, you support doping.;;;
Is drug testing athletes justified?;No Fallacy;We need drug testing to ensure fair competition.;;;
Is drug testing athletes justified?;No Fallacy;Yes, because drug-use in professional-sport is quite common. If we dont test for drugs now,  soon nobody will be able to take part there without taking drugs.;;;
Is drug testing athletes justified?;Ad Hominem;we see that you never practice sport!;;;
Is drug testing athletes justified?;No Fallacy;drug testing athletes is justified.;;;
Is drug testing athletes justified?;No Fallacy;I want to protect freedom, thats why im against it.;;;
Is drug testing athletes justified?;No Fallacy;You should test athletes.;;;
Is drug testing athletes justified?;No Fallacy;May be. But not all the times;;;
Is drug testing athletes justified?;No Fallacy;sure why should they get to cheat if I can't cheat in my maths test?;;;
Is drug testing athletes justified?;No Fallacy;Drug testing is justified as it is neccessary to create a fair and competitive environment.;;;
Is drug testing athletes justified?;Ad Hominem;Testing athletes for use of drugs is justified because they are in the public eye.;;;
Is drug testing athletes justified?;No Fallacy;Athletes definitely should be drug tested!;;;
Is global warming really an issue?;No Fallacy;Yes, global warming is a serious issue.;;;
Is global warming really an issue?;No Fallacy;There is no denying tat CO2 Emissions and average temperature aof the atmosphere both have gone up, there are many studies on it.;;;
Is global warming really an issue?;No Fallacy;I know that differences in global temperatures are  totally normal and have been happening for hundreds of thousands of years. This has never been a problem. Now it isnt one as well.;;;
Is global warming really an issue?;Ad Hominem;Everybody who sais, that global warning is no issue is a retard;;;
Is global warming really an issue?;Ad Hominem;You have absolutely no idea, you probably never had a newspaper in your hand.;;;
Is global warming really an issue?;No Fallacy;Global temperature have not risen in the past 15 years;;;
Is global warming really an issue?;Ad Hominem;The world isn't a person!;;;
Is global warming really an issue?;No Fallacy;Global warming is a phenomenon that is not well understood.;;;
Is global warming really an issue?;No Fallacy;Global warming is a hoax created in the Disney studios to undermine the world economy..;;;
Is global warming really an issue?;No Fallacy;Global warming is no issue.;;;
Is it beneficial for the development of young children to study together with people with mental handicaps?;Ad Hominem;The handicaps will hinder the education of the normal kids;;;
Is it beneficial for the development of young children to study together with people with mental handicaps?;No Fallacy;I do not think so because there is always the danger that the normal childs bully the handicaped one because of their mental weakness.;;;
Is it beneficial for the development of young children to study together with people with mental handicaps?;Ad Hominem;What is normal a closed mind is a handicap;;;
Is it beneficial for the development of young children to study together with people with mental handicaps?;Ad Hominem;Their must be something wrong with you and your child.;;;
Is it beneficial for the development of young children to study together with people with mental handicaps?;No Fallacy;because people with a mental handicap often have an IQ similar to that of a child, the child gets that the one benefit of interacting with an adult type person while not having the frustrating difficulty of trying to match the adult mentality.;;;
Is it beneficial for the development of young children to study together with people with mental handicaps?;Ad Hominem;i just a coin game;;;
Is it beneficial for the development of young children to study together with people with mental handicaps?;No Fallacy;because it's a mean of discovering different way of thinking.;;;
Is it beneficial for the development of young children to study together with people with mental handicaps?;Ad Hominem;Of course, because then they will not become such an intolerant person as my opponent.;;;
Is it beneficial for the development of young children to study together with people with mental handicaps?;Ad Hominem;No because people who believe this have no mental handicapped children themselves.;;;
Is it beneficial for the development of young children to study together with people with mental handicaps?;Ad Hominem;Obviously, you only ask that question because you are thinking of cliches against handicapped people.;;;
Is it effective to censor parts of the media?;No Fallacy;Who controlls the controller?;;;
Is it effective to censor parts of the media?;Ad Hominem;Anyone who doesn't want censoring must be a pervert.;;;
Is it effective to censor parts of the media?;No Fallacy;Censoring media is necessary.;;;
Is it effective to censor parts of the media?;No Fallacy;no, because arguing is manifestation of autonomy;;;
Is it effective to censor parts of the media?;Ad Hominem;You are one of those liberals with long hair,  right?;;;
Is it effective to censor parts of the media?;No Fallacy;As history has shown, it is effective in terms of destruction of human rights.;;;
Is it effective to censor parts of the media?;No Fallacy;Censorship is not effective.;;;
Is it effective to censor parts of the media?;No Fallacy;Censoring the media will allow a tyrant like Hitler to enact laws without following the constitution and no one will call him out on it (kind of like Pres Obama).;;;
Is it effective to censor parts of the media?;No Fallacy;Censorship helps protect children.;;;
Is it justified to develop nuclear energy for commercial use?;Ad Hominem;I guess you don't care about the environment or our future descendants then?;;;
Is it justified to develop nuclear energy for commercial use?;No Fallacy;It is ok to use it. Temelin exploded, but this does not mean,  that every reactor will explode. So why not,  it is cheap energy.;;;
Is it justified to develop nuclear energy for commercial use?;No Fallacy;It is not justified;;;
Is it justified to develop nuclear energy for commercial use?;No Fallacy;We should avoid nuclear energy completely.;;;
Is it justified to develop nuclear energy for commercial use?;Ad Hominem;Its not good to use nuclear energy because it hurts the earth but you are to stupid to know that.,;;;
Is it justified to develop nuclear energy for commercial use?;No Fallacy;It shouldn't be allowed.;;;
Is it reasonable to be in talks with Baschar al-Assad?;No Fallacy;There is only one way to stop a war and that is with diplomacy. We have enough historical examples for this.;;;
Is it reasonable to be in talks with Baschar al-Assad?;No Fallacy;You should try to talk to your opponents - reasonable discussions and knowing why there is a clash of ideas is hard but gets you further than a simple brute force (= war).;;;
Is it reasonable to be in talks with Baschar al-Assad?;No Fallacy;He killed, yes. But this does not mean, that it is impossible to talk to him. If we can save lifes by this way, we should do it.;;;
Is it reasonable to be in talks with Baschar al-Assad?;No Fallacy;If we talk to him we may begin to trust him and let out guard down. I just don't think it is worth the risk.;;;
Is Microsoft the new Apple?;No Fallacy;Microsoft is not the new apple;;;
Is Microsoft the new Apple?;Ad Hominem;Yes. People who disagree with this statement are obviously brainwashed by Apple and can not argue objectively.;;;
Is Microsoft the new Apple?;No Fallacy;As long as Microsoft doesn't fix the numerous bugs in windows, it is not becoming the new Apple.;;;
Is Microsoft the new Apple?;No Fallacy;Well you should have provided some reasons and picked the right side. Anyway, Microsoft is simply missing that feeling for a perfect design and user experience, that Apple has.;;;
Is Microsoft the new Apple?;Ad Hominem;An arugment like that could only be made by a stupid person, I suppose the grass is blue also?;;;
Is Microsoft the new Apple?;No Fallacy;Microsoft can't be the new Apple. Apple focuses on innovative design. Microsoft focuses on software for productivity and products that don't have to be innovative in design.;;;
Is Microsoft the new Apple?;No Fallacy;Microsoft is the new apple;;;
Is Microsoft the new Apple?;No Fallacy;apple and microsoft are too different in their philosophy to be comparable like this;;;
Is Microsoft the new Apple?;No Fallacy;Both produced excellent operating systems. Therefore i would say, yes;;;
Is Microsoft the new Apple?;No Fallacy;Microsoft just recently revealed some great new innovative products.;;;
Is Microsoft the new Apple?;Ad Hominem;Apple has already been succeed when compared to Microsoft and it is helping a lot of people;;;
Is Neuer the best goalkeeper of the Soccer World Cup 2014?;No Fallacy;Yes, because he's blocked more shots than any other keeper.;;;
Is Neuer the best goalkeeper of the Soccer World Cup 2014?;No Fallacy;Neuer was the best goalkeeper of the World Cup in 2014 because he made the most saves.;;;
Is Neuer the best goalkeeper of the Soccer World Cup 2014?;No Fallacy;The, he definitely is - he was a great support for his team, had so many good catches, etc.;;;
Is Neuer the best goalkeeper of the Soccer World Cup 2014?;No Fallacy;Neuer is  the best goalkeeper of the  Soccer WorldCup 2014.;;;
Is Neuer the best goalkeeper of the Soccer World Cup 2014?;No Fallacy;He did a lot of mistakes in the Bundesliga.  But also while Worldcup 2014 he was too offensive. There were better ones.;;;
Is Neuer the best goalkeeper of the Soccer World Cup 2014?;No Fallacy;Good looks does actually make one more favorable. So I guess he could be considered the best!;;;
Is Neuer the best goalkeeper of the Soccer World Cup 2014?;No Fallacy;He is too good in fact.;;;
Is Neuer the best goalkeeper of the Soccer World Cup 2014?;No Fallacy;Neuer is the best goalkeeper of the World Cup by far as he let very few balls slip by.;;;
Is nuclear power a reasonable energy source?;Ad Hominem;Your grandma is dumb;;;
Is nuclear power a reasonable energy source?;No Fallacy;Nuclear power is necessary.;;;
Is nuclear power a reasonable energy source?;Ad Hominem;you should be really stupid if you believe into such a thing.;;;
Is nuclear power a reasonable energy source?;No Fallacy;Nuclear energy is a cheap power source.;;;
Is nuclear power a reasonable energy source?;No Fallacy;Nuclear power is an incredibly reasonable power source granted it is used by people who are responsible. It's the most effective energy source in the world and incredibly clean.;;;
Is nuclear power a reasonable energy source?;No Fallacy;No,  its not worth the risk. So many people did already die because of radiation...;;;
Is nuclear power a reasonable energy source?;Ad Hominem;George Clooney says we'll destroy the planet with nuclear power plants;;;
Is nuclear power a reasonable energy source?;No Fallacy;Alternative energy resources are too expensive.;;;
Is nuclear power a reasonable energy source?;No Fallacy;Nuclear energy should be invested in more.;;;
Is nuclear power a reasonable energy source?;No Fallacy;it makes less environmental damage in the short run than burning fossil fuel.;;;
Is nuclear power a reasonable energy source?;No Fallacy;Nuclear power is too dangerous .;;;
Is nuclear power a reasonable energy source?;No Fallacy;Nuclear power is effective and reasonable energy source.;;;
Is nuclear power a reasonable energy source?;No Fallacy;Nuclear energy threatens the health of every citizen.;;;
Is nuclear power a reasonable energy source?;No Fallacy;It is;;;
Is nuclear power a reasonable energy source?;No Fallacy;That is true. However, we cannot be sure others will be responsible.;;;
Is nuclear power a reasonable energy source?;No Fallacy;Alternative energy resources are too expensive.;;;
Is nuclear power a reasonable energy source?;No Fallacy;Renewable energy sources will not soon replace fossil fuels.;;;
Is nuclear power a reasonable energy source?;No Fallacy;Nuclear energy is not a reasonable source of energy.;;;
Is nuclear power a reasonable energy source?;No Fallacy;Nowadays, nuclear power is the most effective and safest energy source we have.;;;
Is plastic surgery an important field of medicine?;No Fallacy;Yes. Although many forms of plastic surgery can be used for superficial reasons, it is important because it is also used to reconstruct things for people after bad accidents, or for gender reassignment, skin grafts from burns, etc.;;;
Is plastic surgery an important field of medicine?;No Fallacy;Plastic surgery is very important, many people who got involved in severe accidents will tell you this. Think about victims of flames. Their bodies are often unrecognizably destroyed. Plastic surgery gives them their lifes back.;;;
Is plastic surgery an important field of medicine?;No Fallacy;Many people are superficial, and man as such is a social creature. So there is obviously a need for plastic surgeries.;;;
Is plastic surgery an important field of medicine?;No Fallacy;Plastic surgery is a crucial field of medicine.;;;
Is television an effective tool in building the minds of children?;No Fallacy;Well, depends on what is meant by building the minds - but in general, television is a really good tool for brainwashing the children, especially in early ages.;;;
Is television an effective tool in building the minds of children?;Ad Hominem;You want to sit around and watch tv? Better get a job.;;;
Is television an effective tool in building the minds of children?;No Fallacy;TV programs are driven by commercial interest, not science or experts.;;;
Is television an effective tool in building the minds of children?;No Fallacy;Some shows in TV serve educational purposes, but most of them are totally worthless. There is no chance that a mind of a child builds up, when it watches Celebrity-news.;;;
Is television an effective tool in building the minds of children?;Ad Hominem;People who don't think tv is good for kids are luddites;;;
Is television an effective tool in building the minds of children?;No Fallacy;Books are good for children, why not tv?;;;
Is television an effective tool in building the minds of children?;No Fallacy;Children are not active when sitting in front of a tv;;;
Is the Deutsche Post-strike justified?;No Fallacy;It is not justified, they are being paid just fine.;;;
Is the Deutsche Post-strike justified?;Ad Hominem;I know a woman that works at Deutsche Post, she does not look so tired... Why are they on strike?;;;
Is the Deutsche Post-strike justified?;No Fallacy;I support the strike in Deutsche Post. Everyone deserves fair working conditions.;;;
Is the Deutsche Post-strike justified?;No Fallacy;Yes because every employee should be able to fight for his rights.;;;
Is the Deutsche Post-strike justified?;Ad Hominem;Yes and do not ask silly questions.;;;
Is the Deutsche Post-strike justified?;No Fallacy;The strike is not justified, because the DP-workers work less than the average german worker but are paid average. Their conditions are ok.;;;
Is the grading system used in high school effective?;Ad Hominem;I guess the author of the question did go to a school with standard grading system. Asking such a stupid question is just a great example of inefficiency of the grading system...;;;
Is the grading system used in high school effective?;No Fallacy;It is not as effective as it could be. Many students can suffer due to ineffective policies.;;;
Is the grading system used in high school effective?;Ad Hominem;You're just a competitive idiot.;;;
Is the grading system used in high school effective?;No Fallacy;Grade systems are useless.;;;
Is the grading system used in high school effective?;No Fallacy;High school is supposed to prepare you for real life. The way these standardized tests are graded does not do that.;;;
Is the grading system used in high school effective?;No Fallacy;The grading system is not effective because it doesn't consider all types of learning styles of the students.;;;
Is the grading system used in high school effective?;No Fallacy;it gives students a feeling of their performance as compared to others in class.;;;
Is the grading system used in high school effective?;No Fallacy;No, the scandinavian schools use another system and their students are the worlds best. We are just average. It is not that effective.;;;
Is the grading system used in high school effective?;No Fallacy;I am glad, that you are able to dance your name, but please dont try to make every other child a softy as well.;;;
Is the grading system used in high school effective?;No Fallacy;The current grading system just fails.;;;
Is the grading system used in high school effective?;No Fallacy;No because many times there is favoratism going on.;;;
Is the grading system used in high school effective?;No Fallacy;It is not fair to judge students by grades.;;;
Is the legality of abortion desirable?;Ad Hominem;Are you medically trained and you know when they baby is formed?;;;
Is the legality of abortion desirable?;No Fallacy;There are many cases, where abortion should be legal.E.g.  if a mother would die during the birth-process, the state should leave the decision to her, as it is her life.;;;
Is the legality of abortion desirable?;No Fallacy;Sure it's desirable to be able to abort babies at any moment you wish. There are so many things to be happy about in this world, don't you think? It is a gorgeous day outside for instance.;;;
Is the legality of abortion desirable?;No Fallacy;yes Argument without content;;;
Is the legality of abortion desirable?;No Fallacy;After reminding the baby-carrier woman of the consequences and the possible health-related problems, the decision should be left to first her and second to the partner because woman is the labourer of the process and both parties are the initial responsibles.;;;
Is the legality of assisted suicide desirable?;Ad Hominem;You're going to hell if you think like that. That's called murder.;;;
Is the legality of assisted suicide desirable?;No Fallacy;Many people are already killing themselves, because they are terminally ill. It is their choice to chose if they want to live or die. A doctor should respect their choice and assist them either way.;;;
Is the legality of assisted suicide desirable?;Ad Hominem;no why death be allowed like this?;;;
Is the legality of assisted suicide desirable?;No Fallacy;Many other countries already allow it.;;;
Is the oppression of women by men a serious problem?;No Fallacy;We shouldn't allow men to oppress women.;;;
Is the oppression of women by men a serious problem?;No Fallacy;They should have the same rights, but it is fact, that they have not. Look at India, women are raped there on a daily basis.;;;
Is the oppression of women by men a serious problem?;Ad Hominem;yes we conitinue to repress them;;;
Is the oppression of women by men a serious problem?;Ad Hominem;Do you even know what you're talking about?;;;
Is there a good reason for the American war on terror?;No Fallacy;It would be a crime to look away and let the Islamic State continue decapitating people. When you see such a crime on the street you have to call police. When you see such crimes in another country, you have to get active as well. America does what is needed and fights the terror.;;;
Is there a good reason for the American war on terror?;No Fallacy;Terror has proven itself to be a real and unignorable danger, thus something has to be done.;;;
Is there a good reason for the American war on terror?;No Fallacy;The reason for the supporters of the war on terror is 9/11.;;;
Is there a good reason for the American war on terror?;No Fallacy;The islamist terrorists are a serious threat to each form of progressive society.;;;
Is there a good reason for the American war on terror?;Ad Hominem;Terrorists everywhere!;;;
Is there a good reason for the American war on terror?;No Fallacy;There are some reasons for America's war on terror.;;;
Is there a good reason for the American war on terror?;Ad Hominem;No, this is an excuse for American politicians to intrude in other countries' issues.;;;
Is there a good reason for the American war on terror?;No Fallacy;To find out if there is a reason for the American war on terror let's take a look at the results nearly one and a half decade later.;;;
Is there a good reason for the American war on terror?;Ad Hominem;It's detrimental to society;;;
Is tupac the most influential rapper in history?;Ad Hominem;he was a big influence;;;
Is tupac the most influential rapper in history?;Ad Hominem;eminem was like MLK for white people in the rap community...;;;
Is tupac the most influential rapper in history?;Ad Hominem;You only think about money, right?  You would even sell your mom.;;;
Is tupac the most influential rapper in history?;No Fallacy;He has made an important mark in the rap industry, but he did not live long enough to be the most influential rapper of all time.;;;
Is tupac the most influential rapper in history?;Ad Hominem;You have really bad taste in music if you think he is influential.;;;
Is tupac the most influential rapper in history?;No Fallacy;No Test for an Argument;;;
Is tupac the most influential rapper in history?;No Fallacy;Tupac Shakur was physically attractive man (although I'm a very poor judge of things like that) and that visual appeal lent him a great deal more attention than it was realized at the time. He was very photogenic and appealed to a wide range of people.;;;
Is tupac the most influential rapper in history?;No Fallacy;I dont think so, he lived too short in order to have the most influence. Dr. Dre for example had much more influence. He started the rap-movement with eazy-e and ice-cube. He just sold his headphone-brand for around 250 million dollars. This amount of money shows how influential Dr.Dre is. Tupac never had this much money.;;;
Is tupac the most influential rapper in history?;Ad Hominem;No he is just another storyteller who lost his life because of stupidity.;;;
Is Turkey ready to join the European Union?;No Fallacy;Current civil unrest in Turkey is partly based on resentment of other European governments. Given the governments aren't getting along, it seems like Turkey isn't ready.;;;
Is Turkey ready to join the European Union?;No Fallacy;Putin has nothing to say regarding the EU. It is our choice who joins and who does not. I think the country is ready. We are neighbours, we share much culture and many people from Turkey do already live in european countries. They are ready.;;;
Is Turkey ready to join the European Union?;Ad Hominem;Sure Turkey is ready to join the European Union.  It would be a good thing for them to unit with another country.;;;
Is Turkey ready to join the European Union?;No Fallacy;just do the best for those who need it give them a best;;;
Is Turkey ready to join the European Union?;Ad Hominem;Did you even understood what you're talking about?;;;
Is veganism the best for our bodies?;Ad Hominem;humans are omnivores, we need both meat and vegetables.;;;
Is veganism the best for our bodies?;Ad Hominem;Sounds great right? Not quite. In terms of micronutrients, a vegan diet is actually more susceptible to being nutritionally poor. A vegan diet is naturally low in calcium, vitamin D, iron, vitamin B12, zinc and omega-3 fatty acids. Therefore, if you follow a vegan diet it is essential that you get enough of these nutrients through specific vegan food sources – and may even need to take additional supplements.;;;
Is veganism the best for our bodies?;Ad Hominem;a vegan diet is generally thought to contain more cereals, fruits, vegetables, nuts and seeds than a non-vegan diet.;;;
Is veganism the best for our bodies?;Ad Hominem;Sure, you meat eaters kill your children;;;
Is veganism the best for our bodies?;Ad Hominem;I guess you are vegan. You can see what it makes out of people...;;;
Should animals have special rights?;No Fallacy;Yes,  now the law treats them as things,  but they are conscious as we are. They need special rights.;;;
Should animals have special rights?;No Fallacy;Animals have a conscious mind. That means they deserve protection through law, like humans do. Nevertheless they arent as intelligent as humans, thats why they need a special law.;;;
Should animals have special rights?;No Fallacy;If you don't allow animals to have rights, you shouldn't have them either.;;;
Should animals have special rights?;No Fallacy;Enkel rkekr fns d dk;;;
Should animals have special rights?;No Fallacy;The animals are a part of nature like us and we, as the human, occupy their natural places. not to harm them any further, they should have special rights.;;;
Should animals have special rights?;Ad Hominem;many people harms animals. japan still host annual whale hunts.;;;
Should animals have special rights?;No Fallacy;What kind of question is that? Of course not, rights were brought up by human mankind to overcome the unjust of the wilderness typical to nature. It's a purely social construct, nothing generally applicable to animals.;;;
Should animals have special rights?;Ad Hominem;Im glad you are no mayor, because then your city would collapse.;;;
Should animals have special rights?;Ad Hominem;Are you a lawyer? You sound like one. But not like a good one.;;;
Should animals have special rights?;Ad Hominem;Do not be so stupid. You would even give every lettuce leaf special rights.;;;
Should cellphones be used during class?;Ad Hominem;Classrooms are for learning not for talking on cellphones. Students should mute their phones during class if they really need to use them.;;;
Should cellphones be used during class?;No Fallacy;No. Students should pay attention to the teacher and his teaching-material. Cellphones distract.;;;
Should cellphones be used during class?;Ad Hominem;You are so oldschool and you will never be a digital native at all.;;;
Should cellphones be used during class?;Ad Hominem;Yes they should. If you think differently, you have obviously never been in a class.;;;
Should cellphones be used during class?;Ad Hominem;You nerd, go read some books instead of arguing.;;;
Should cellphones be used during class?;No Fallacy;Cellphones should be banned from class rooms.;;;
Should cellphones be used during class?;No Fallacy;We need to prevent another school tragedy so one way to do that would be to have 911 at hand at all times.;;;
Should Christians accept same sex marriage?;No Fallacy;Of course same-sex marriage should be allowed.;;;
Should Christians accept same sex marriage?;Ad Hominem;Well you're ugly.;;;
Should Christians accept same sex marriage?;Ad Hominem;You are such a right wing extremist!;;;
Should Christians accept same sex marriage?;Ad Hominem;Why would anyone think that? Bestiality is already a crime. You don't need to go there.;;;
Should Christians accept same sex marriage?;Ad Hominem;Yes, because if they don't, that makes them hateful intolerant bigots.;;;
Should Christians accept same sex marriage?;No Fallacy;Christians should follow the rules of their religion.;;;
Should Christians accept same sex marriage?;Ad Hominem;If you are christian and against same sex-marriage you have hitlers mindset.;;;
Should Christians accept same sex marriage?;No Fallacy;Adherents to a religion should follow the rules.;;;
Should Christians accept same sex marriage?;No Fallacy;Same-sex couples should have access to the same benefits enjoyed by heterosexual married couples.;;;
Should Christians accept same sex marriage?;Ad Hominem;Christians should accept same sex marriage;;;
Should computers be allowed in class rooms?;No Fallacy;Computers are bad for the development of childrens brains.;;;
Should computers be allowed in class rooms?;No Fallacy;Computers should be allowed in class rooms.;;;
Should computers be allowed in class rooms?;No Fallacy;No, because computers distract students. Very often they use computers for reasons not related to the class, which ultimately diminishes the educational effect of the class.;;;
Should computers be allowed in class rooms?;No Fallacy;Sure, if they are part of the education...;;;
Should computers be allowed in class rooms?;Ad Hominem;Maybe that's a problem your child would have, but mine is a genius.;;;
Should computers be allowed in class rooms?;Ad Hominem;I don't think these hackers need any encouragement..sending their sexts and snapchats.;;;
Should computers be allowed in class rooms?;Ad Hominem;You are too soft. Children need rules, like: NO COMPUTERS IN CLASSROOM.;;;
Should computers be allowed in class rooms?;Ad Hominem;What kind of dumb question is that? Stupid answers get stupid responses.;;;
Should countries adopt heavier penalties for drug use and drug trafficking?;No Fallacy;Rather than adopting stiffer penalties for drug use we should focus more on counseling. Drug trafficking is another story.;;;
Should countries adopt heavier penalties for drug use and drug trafficking?;No Fallacy;When the prohibition in the USA was introduced, people thought the same. But it turned out, that heavier penalties and more bans lead to more criminals, not less. Im sure that heavier penalties for drugs wont have a positive impace as well.;;;
Should countries adopt heavier penalties for drug use and drug trafficking?;No Fallacy;Countries shouldn't adopt heavier penalties for drug use.;;;
Should countries adopt heavier penalties for drug use and drug trafficking?;Ad Hominem;that is another case. The strict laws are for all drugs which are quite lot and a long list. Removing and adding drugs to that list is a different case;;;
Should countries adopt heavier penalties for drug use and drug trafficking?;Ad Hominem;Because drugs may harm our lives and gives lot of health problems;;;
Should countries disallow people coming from Ebola infected countries to enter?;No Fallacy;It would be going against people's human's rights to not allow them a country where their password allows them.;;;
Should countries disallow people coming from Ebola infected countries to enter?;No Fallacy;In order to prevent more people to become ill, yes.;;;
Should countries disallow people coming from Ebola infected countries to enter?;No Fallacy;They shouldn't be allowed to enter the country.;;;
Should countries disallow people coming from Ebola infected countries to enter?;No Fallacy;Disallowing people from Ebola infected countries to enter another country is against human rights.;;;
Should countries disallow people coming from Ebola infected countries to enter?;Ad Hominem;You damn racist. I would let everyone in, so you get mad.;;;
Should countries disallow people coming from Ebola infected countries to enter?;No Fallacy;Of course they should be allowed to enter the country.;;;
Should driving under the influence of alcohol be forbidden?;No Fallacy;Yes,  whoever drinks and drives has a bad reaction time. People might die.;;;
Should driving under the influence of alcohol be forbidden?;No Fallacy;It's irresponsible to drive under the influence of alcohol.;;;
Should driving under the influence of alcohol be forbidden?;Ad Hominem;You're probably a drug addict yourself.;;;
Should driving under the influence of alcohol be forbidden?;Ad Hominem;It will save numerous lives.;;;
Should driving under the influence of alcohol be forbidden?;No Fallacy;So far there is a limit of 0.5 per-mille. With this amount of alcohol you are able to drive safely. Therefore the answer is no.;;;
Should driving under the influence of alcohol be forbidden?;No Fallacy;So far there is a limit of 0.5 per-mille. With this amount of alcohol you are able to drive safely. Therefore the answer is no.;;;
Should economical growth always be the ultimate goal of every country?;No Fallacy;Endless growth is impossible.;;;
Should economical growth always be the ultimate goal of every country?;No Fallacy;With the goal in mind to improve everyone's situation, growth is good for a country.;;;
Should economical growth always be the ultimate goal of every country?;Ad Hominem;good life depends on the economy;;;
Should economical growth always be the ultimate goal of every country?;No Fallacy;Steady growth can't be the ultimate goal!;;;
Should economical growth always be the ultimate goal of every country?;No Fallacy;depends how you define growth. if any economic activity is growth, than going to doctors is economic growth and country is better, but should sick people be the goal? i doubt.;;;
Should economical growth always be the ultimate goal of every country?;No Fallacy;No, economical growth is a tool to establish a good economy, which allows us to live a good life. Growth for a good life,  not life for economical growth.;;;
Should economical growth always be the ultimate goal of every country?;No Fallacy;Economical growth should not be the main goal of a country.;;;
Should economical growth always be the ultimate goal of every country?;Ad Hominem;People who think otherwise are stupid.;;;
Should economical growth always be the ultimate goal of every country?;No Fallacy;Everyone should be as wealthy as possible as rapidly as possible.;;;
Should economical growth always be the ultimate goal of every country?;Ad Hominem;we should always try to grow our economy;;;
Should economical growth always be the ultimate goal of every country?;No Fallacy;Human dignity is important. But it is nothing compared to economical growth. A human life takes around 70 years and has a small impact compared to economical growth. It can have an impact on millions of lifes over many generations.;;;
Should economical growth always be the ultimate goal of every country?;No Fallacy;With the goal in mind to improve everyone's situation, growth is good for a country.;;;
Should economical growth always be the ultimate goal of every country?;No Fallacy;Definitely not!;;;
Should economical growth always be the ultimate goal of every country?;No Fallacy;No, economic growth in and out of itself has no value.;;;
Should Germany deport criminal refugees?;No Fallacy;Yes, refugees who commit crimes have no respect for the country they fled to. Furthermore the situation they fled from cannot have been that bad, because they risk getting sent back.;;;
Should Germany deport criminal refugees?;No Fallacy;Sorry,  but your argument is a racist one.  Germany has already acted like this in the past.  We may not act like this again, if we want to get a better reputation in the world.;;;
Should Germany deport criminal refugees?;No Fallacy;It will reduce crime;;;
Should Germany deport criminal refugees?;No Fallacy;Germany should deal with the criminal refugees there and not force them onto another country. Deal with your problems yourself.;;;
Should Germany deport criminal refugees?;No Fallacy;Yes. Criminals are a danger to Germany's society.;;;
Should Germany deport criminal refugees?;Ad Hominem;The germans are all criminals anyway after the holocaust;;;
Should Germany deport criminal refugees?;No Fallacy;What happens with Germany should stay in Germany. Where shall they send them, maybe to hel;;;
Should gorillas be held in zoos;Ad Hominem;the natural habitat of the guerrilla is in jeopardy of not existing. Zoo's provide something of a to ensure survival of the species. Zoos may not always be ideal, but it is better than the alternatives.;;;
Should gorillas be held in zoos;No Fallacy;Gorillas should live freely in nature.;;;
Should gorillas be held in zoos;No Fallacy;That Gorillas should be held in Zoos;;;
Should gorillas be held in zoos;No Fallacy;Maybe he looked healthy, but other gorillas are suffering. Thats just natural, because these animals are wild. They need more space than zoos can provide. Furthermore they are used to other climate conditions.;;;
Should gorillas be held in zoos;No Fallacy;No,because they are near to human in terms of evolution and I would not want to be held in a zoo?;;;
Should gorillas be held in zoos;No Fallacy;There are more gorillaz raised in zoos and re-introduced into the wild than captured and kept.;;;
Should gorillas be held in zoos;No Fallacy;Gorillas are almost extinct;;;
Should gorillas be held in zoos;Ad Hominem;My psych teacher believes that institutions such as zoos protect endangered species so that they continue to live.;;;
Should gorillas be held in zoos;No Fallacy;They should not.;;;
Should gorillas be held in zoos;Ad Hominem;est für ContraArgu;;;
Should high schools provide daycare services for students who have children?;No Fallacy;High schools should provide  daycare services for students who have children, because it is not legit to exclude students who have children from certain possibilities to advance in society and to cut down their freedom in educational issues in an unproportional manor;;;
Should high schools provide daycare services for students who have children?;Ad Hominem;I think it would help those people get an education which would be good for their children.;;;
Should high schools provide daycare services for students who have children?;Ad Hominem;Im sure you have no children. That is the reason why you write something like this.;;;
Should high schools provide daycare services for students who have children?;No Fallacy;Yes, our society definitly wants students to have children, for two reasons: First: students are smart, therefore their children might be smart, too. Second: older women have higher risks at giving birth. Students have the perfect age.;;;
Should high schools provide daycare services for students who have children?;No Fallacy;Children need daycare. But university is not the right place for daycare services. University is a place for education. There are enough existing public and private daycare-services. Put your children there.;;;
Should high schools provide daycare services for students who have children?;No Fallacy;The main point of high schools is educating, thats true. Nevertheless university provides services, which you can get outside of university as well. Think about sport-fields or dining-halls. Why not daycare?;;;
Should high schools provide daycare services for students who have children?;No Fallacy;Yes, there is obviously a need for it. Ive read that about 5 percent of all students have children. Students usually have to attend lectures and wont be home until 4pm.;;;
Should high schools provide daycare services for students who have children?;No Fallacy;Definitely not.;;;
Should high schools provide daycare services for students who have children?;Ad Hominem;Im sure the only thing YOU do is getting children. BETTER GO TO UNIVERSITY AND STUDY!!;;;
Should high schools provide daycare services for students who have children?;No Fallacy;Spending resources on daycare services is a waste.;;;
Should high schools provide daycare services for students who have children?;No Fallacy;Yes. It will allow the mothers to go to school and help the children to grow up better.;;;
Should high schools provide daycare services for students who have children?;No Fallacy;Of course they should.;;;
Should high schools provide daycare services for students who have children?;No Fallacy;I don't think daycare services should be provided by high schools themselves, rather existing facilities (kindergarten) should be used. The main point of high schools is to educate people, not to care about babies.;;;
Should jobs be subcontracted into developing countries?;No Fallacy;I own a computer-factory. And im outsourcing my support-callcenter to india. I dont want those people to work like animals. I pay less money than in germany, yes, but it is still a lot of money for the workers there.;;;
Should jobs be subcontracted into developing countries?;No Fallacy;People are not being abused. Many new companies operate in other countries for fair wages, offering opportunities that they would not otherwise have. At the same time, American citizens benefit by manufacturing efficiency and not driving American business further into debt.;;;
Should jobs be subcontracted into developing countries?;No Fallacy;Jobs should not be subcontracted into developing countries.;;;
Should jobs be subcontracted into developing countries?;Ad Hominem;You are the only one who thinks about abusing these people.;;;
Should jobs be subcontracted into developing countries?;No Fallacy;They should;;;
Should jobs be subcontracted into developing countries?;Ad Hominem;I doubt you know much about working so you don't have a right to say whether they should or should not be.;;;
Should marijuana be legalized for individual use due to health condition?;No Fallacy;Under no circumstances should marijuana be legalized.;;;
Should marijuana be legalized for individual use due to health condition?;No Fallacy;I'm definitely against legalization.;;;
Should marijuana be legalized for individual use due to health condition?;No Fallacy;It shouldn't be legalized.;;;
Should marijuana be legalized for individual use due to health condition?;Ad Hominem;THAT IS TRUE, BUT DRUG ADDICTS ARE GOING TO GET MARIJUANA EITHER WAY. WE SHOULD HELP SICK PEOPLE.;;;
Should marijuana be legalized for individual use due to health condition?;No Fallacy;Marihuana should be allowed as medical drug;;;
Should marijuana be legalized for individual use due to health condition?;No Fallacy;Marijuana has been shown in some cases to alleviate negative side effects from chemotherapy treatments, even when other treatments for the same side effects were ineffective. Patients deserve legal access to medicines which, when prescribed by a physician, provide relief for their symptoms.;;;
Should marijuana be legalized for individual use due to health condition?;No Fallacy;No, see what alcohol did to our society. 100000s of alcoholics lost for the job market. Want the same for wheed?;;;
Should marijuana be legalized for individual use due to health condition?;No Fallacy;Marijuana has been shown to effective in treating glaucoma;;;
Should marijuana be legalized for individual use due to health condition?;No Fallacy;That Marijuana should be legalized;;;
Should marijuana be legalized for individual use due to health condition?;No Fallacy;If marijuana is provided by the pharmacies or health centers to the individuals with prescriptions for health purposes in a controlled way, that should be allowed.;;;
Should marijuana be legalized for individual use due to health condition?;Ad Hominem;yes anything to help people live loinger;;;
Should marijuana be legalized for individual use due to health condition?;No Fallacy;Medicine has proven, that marijuana is good to mitigate some bad effects of cancer-related side-effects. Make it easier for those patients and legalize it.;;;
Should marijuana be legalized for individual use due to health condition?;No Fallacy;People with some diseases, for whose no treatment exists, can get some pain relief, at least. These people are also no criminals.;;;
Should musicians be payed for streaming music? (by Apple);Ad Hominem;You silly boy, the musicians are too rich. They do not need this money.;;;
Should musicians be payed for streaming music? (by Apple);Ad Hominem;You have no idea how street is, you better stop talking!;;;
Should musicians be payed for streaming music? (by Apple);No Fallacy;Yes if musicians are paid they will be given loyalty for their music;;;
Should musicians be payed for streaming music? (by Apple);No Fallacy;Apple must pay the royalties for the streaming trial. The musicians don't ask for free iPhones either.;;;
Should musicians be payed for streaming music? (by Apple);No Fallacy;Apple shouldn't pay musicians any royalties for the three-months trial, because they can get rich enough from concerts.;;;
Should musicians be payed for streaming music? (by Apple);Ad Hominem;test withouz a rel;;;
Should musicians be payed for streaming music? (by Apple);Ad Hominem;of course who wants to work for free unless you volunterr.;;;
Should musicians be payed for streaming music? (by Apple);No Fallacy;Making money out of someone's else art product is stealing. Apple should simply avoid that and pay the royalties.;;;
Should non-European immigrans in Europe be accepted?;No Fallacy;good point tehe economy will grow;;;
Should non-European immigrans in Europe be accepted?;No Fallacy;Non-European immigrants should be accepted in Europe;;;
Should non-European immigrans in Europe be accepted?;No Fallacy;Refugees mostly flee from the war, poverty or tyranny in their countries. Unless these problems are solved to some extent and they have some other safe place to reside in, except EU, they should be welcome.;;;
Should non-European immigrans in Europe be accepted?;Ad Hominem;What is an immigran? A good gran. Anyone who says otherwise is a bad person.;;;
Should non-European immigrans in Europe be accepted?;No Fallacy;They are a menace to our society.;;;
Should non-European immigrans in Europe be accepted?;No Fallacy;Germany should help immigrants in need. Most of them left their homes not because of social or economical benefits, but because of the war.;;;
Should non-European immigrans in Europe be accepted?;No Fallacy;If they are political refugees, we have a duty to help them;;;
Should non-European immigrans in Europe be accepted?;No Fallacy;Accepting immigrants in Europe must be taken seriously and deserves coordination and investments, as we cannot directly influence the sources of immigration - ending the war in Libya or changing the regime in Eritrea.;;;
Should smoking at home be illegal?;No Fallacy;As long as they take the precautions and responsibilities, it is the householders who should decide together whether to smoke inside  or not.;;;
Should smoking at home be illegal?;No Fallacy;People are killing themselves doing it and raising the costs of all of healthcare because of it.;;;
Should smoking at home be illegal?;Ad Hominem;Being able to smoke at home should not be illegal as it is giving up your freedom.;;;
Should smoking at home be illegal?;Ad Hominem;If you are dumb enough to want to kill yourself then why should I have to be around it?;;;
Should smoking at home be illegal?;Ad Hominem;Because it brings health problems for my kids;;;
Should smoking at home be illegal?;No Fallacy;We need to be maximally nanny as a state, this is the best way forward.;;;
Should smoking at home be illegal?;Ad Hominem;do the best for best one who really need it....yes no smoking;;;
Should smoking at home be illegal?;Ad Hominem;Smoking at home should be legal, and those that think otherwise are conspiracy cases who see the government bogeyman under every rock.;;;
Should smoking at home be illegal?;No Fallacy;Smoking at home is dangerous, as exactly as eating cheese at home or walking up and down stairs. There is no explicit reason to make it illegal.;;;
Should smoking at home be illegal?;No Fallacy;Of course not. Home is the owners place.;;;
Should the fight versus the Islamic State include military operations?;No Fallacy;Yes, the Islamic state is becoming too big to fight without military operations.;;;
Should the fight versus the Islamic State include military operations?;Ad Hominem;Yeah, and you are a guy who loves war,  thats it. You like it when people die.;;;
Should the fight versus the Islamic State include military operations?;Ad Hominem;Anyone who doesn't believe so is a naive idiot!;;;
Should the fight versus the Islamic State include military operations?;Ad Hominem;The IS can do what he wants to because people like you close their eyes.;;;
Should the fight versus the Islamic State include military operations?;No Fallacy;A group that refuses any diplomatic way on problem-solving and uses weapons straight away cannot be defeated without being at level with them, even though the number of those operations should be kept as small as possible.;;;
Should the fight versus the Islamic State include military operations?;No Fallacy;You are correct. Many people have died, and that is horrible. But we must fight to prevent even more people from dying if ISIS is able to continue.;;;
Should the fight versus the Islamic State include military operations?;Ad Hominem;Yes, if you are not ready to join the military you are a traitor and a coward.;;;
Should the fight versus the Islamic State include military operations?;Ad Hominem;And people who can't get past that and take out the problem are destined to be oppressed. Maybe you should go to a rally and sing some hippy songs.;;;
Should the fight versus the Islamic State include military operations?;Ad Hominem;Yes, there is a fight;;;
Should the price for milk be increased?;Ad Hominem;they should work on how to make their production efficient and competitive, so they can compete with other countries.;;;
Should the price for milk be increased?;Ad Hominem;You are such a hippie. If you want to increase the price for milk, go ahead and help the farmers.;;;
Should the price for milk be increased?;No Fallacy;With the actual milk-price the cows can be appropriatly held and the farmers can still achieve some earnings.No.;;;
Should the price for milk be increased?;Ad Hominem;Of course it should. You must be bad at math if you think a farmer could financially survive the current situation on the market.;;;
Should the price for milk be increased?;No Fallacy;The price should stay as it is or even be decreased.;;;
Should the price for milk be increased?;No Fallacy;Decreasing the price will increase the demand;;;
Should the price for milk be increased?;No Fallacy;no;;;
Should the price for milk be increased?;No Fallacy;The price of milk should not be increased.  It is an important healthy drink.  if we increase it, things like pop might become the more affordable go to choice.;;;
Should the price for milk be increased?;No Fallacy;Farmers deserve to be paid enough;;;
Should the price for milk be increased?;No Fallacy;Cows are very loved.  They get massages to produce more milk!;;;
Should the title of a univsersity-doctor be shown on the identification-card?;No Fallacy;This is just one case, does not count for everyone.;;;
Should the title of a univsersity-doctor be shown on the identification-card?;Ad Hominem;Oh, only experts like you would ask this silly question!;;;
Should the title of a univsersity-doctor be shown on the identification-card?;Ad Hominem;Why do you want a university-doctor's title to be shown on their identification-card? You must be one yourself, you egotistic prick ! Does it make you feel respected that we all know your little title?;;;
Should the title of a univsersity-doctor be shown on the identification-card?;No Fallacy;Yes, because science is a fundamental of our society. By showing the doctor on the id-card you award someones effort for it.;;;
Should the title of a univsersity-doctor be shown on the identification-card?;No Fallacy;You say that just because you are a doctor.  The dr.  in the passport is only good to oppress the normal citizen.;;;
Should the title of a univsersity-doctor be shown on the identification-card?;No Fallacy;Yes. The title of a Dr. is as important as the familyname.;;;
Should the title of a univsersity-doctor be shown on the identification-card?;Ad Hominem;And if those people jump of the bridge? You would jump, right?;;;
Should we all home school our kids?;No Fallacy;Children should go to regular schools.;;;
Should we all home school our kids?;Ad Hominem;You are closed minded you need to get a life.;;;
Should we all home school our kids?;No Fallacy;We might not want to home school all children because it is important for them to learn how to interact with others.;;;
Should we all home school our kids?;No Fallacy;We should homeschool our kids.;;;
Should we all home school our kids?;No Fallacy;Of course it is reasonable for some people to school there children at home but to school all kids at home would be fatal.;;;
Should we all home school our kids?;No Fallacy;This is not true, there are no studies that would prove that.;;;
Should we all home school our kids?;No Fallacy;Homeschooling leads to socially maladapted children.;;;
Should we all home school our kids?;No Fallacy;Yes, homeschooling, everyone.;;;
Should we all home school our kids?;No Fallacy;Home school provides a better education then under funded public schools.;;;
Should we all home school our kids?;No Fallacy;This would cause significant disadvantages for children from non-academic families.;;;
Should we all home school our kids?;No Fallacy;It is best to home school our kids.;;;
Should we all home school our kids?;No Fallacy;In modern jobs, homeoffice is already the standard, because the workers are more productive at home. Why shouldnt this be better for kids as well?;;;
Should we all home school our kids?;No Fallacy;Kids need to go to a proper school and home schooling harms them.;;;
Should we all home school our kids?;No Fallacy;No we should not.;;;
Should we all home school our kids?;No Fallacy;Home schooling has many benefits and therefore should be the first choice for the parents.;;;
Should we allow animal testing for medical purposes?;No Fallacy;better testing new medical products on animals than on humans;;;
Should we allow animal testing for medical purposes?;No Fallacy;For a first steps in basic research, animal testing for medical reasons is more efficient than human testing.;;;
Should we allow animal testing for medical purposes?;No Fallacy;Yes we should do it.;;;
Should we allow animal testing for medical purposes?;No Fallacy;We should allow it;;;
Should we allow animal testing for medical purposes?;No Fallacy;We should allow animal testing for medical purposes.;;;
Should we allow animal testing for medical purposes?;No Fallacy;yes;;;
Should we allow animal testing for medical purposes?;No Fallacy;It allows to get useful data for human research;;;
Should we allow animal testing for medical purposes?;No Fallacy;Yes;;;
Should we allow animal testing for medical purposes?;No Fallacy;Animal lives are less important than human lives;;;
Should we allow animal testing for medical purposes?;No Fallacy;It is against moral principles to torture or kill animals who feel pain.;;;
Should we allow animal testing for medical purposes?;No Fallacy;Testing animals should be approved.;;;
Should we allow animal testing for medical purposes?;No Fallacy;Yes;;;
Should we allow animal testing for medical purposes?;No Fallacy;Animals do not have souls;;;
Should we allow animal testing for medical purposes?;No Fallacy;No;;;
Should we allow animal testing for medical purposes?;No Fallacy;If a serious desease can be cured with the help of animal testing, we shpuldn't hesitate.;;;
Should we allow animal testing for medical purposes?;No Fallacy;Tests can be also conducted by numerical simulations.;;;
Should we allow animal testing for medical purposes?;No Fallacy;Animal testing is something totally unethical and should be banned.;;;
Should we allow animal testing for medical purposes?;No Fallacy;We should use animals as it is necessary to test.;;;
Should we allow animal testing for medical purposes?;No Fallacy;We need animal testing, even tough it is horrible for the animals.;;;
Should we allow animal testing for medical purposes?;Ad Hominem;tessttetttetete;;;
Should we allow animal testing for medical purposes?;No Fallacy;Claim;;;
Should we allow animal testing for medical purposes?;No Fallacy;Animal testing is horrible.;;;
Should we allow animal testing for medical purposes?;No Fallacy;Animal testing can have serious impacts on researching new technologies for curing diseases in humans.;;;
Should we allow animal testing for medical purposes?;No Fallacy;We should allow it.;;;
Should we allow animal testing for medical purposes?;No Fallacy;Yes we should allow but without harming the animals !;;;
Should we allow animal testing for medical purposes?;No Fallacy;It is the only way to get reliable results;;;
Should we allow animal testing for medical purposes?;Ad Hominem;You are an animal hater, go hurt some puppies!;;;
Should we allow animal testing for medical purposes?;No Fallacy;Humans are no Animals;;;
Should we allow animal testing for medical purposes?;No Fallacy;Animal testing for medical purposes should be allowed.;;;
Should we allow animal testing for medical purposes?;No Fallacy;It has to be balanced, but for live saving drugs It should be allowed on non-endangered animal species.;;;
Should we allow animal testing for medical purposes?;No Fallacy;Animal testing helps to improve medical care for everybody.;;;
Should we allow animal testing for medical purposes?;No Fallacy;Although any suffering of living creatures should be avoided, I guess it's commonly accepted by the society that medical purposes testing has more benefits than harms.;;;
Should we allow animal testing for medical purposes?;No Fallacy;It helps to sacrifice animals.;;;
Should we allow animal testing for medical purposes?;No Fallacy;Of course we need it!;;;
Should we allow animal testing for medical purposes?;No Fallacy;We shouldn't;;;
Should we allow animal testing for medical purposes?;No Fallacy;Animal testing leads to medicaments with fewer harmful side effects.;;;
Should we allow animal testing for medical purposes?;No Fallacy;We should allow animal testing!;;;
Should we allow animal testing for medical purposes?;No Fallacy;Animal testing is a good alternative to human testing.;;;
Should we allow animal testing for medical purposes?;No Fallacy;a a;;;
Should we allow animal testing for medical purposes?;No Fallacy;Animal testing helps saving lifes.;;;
Should we allow animal testing for medical purposes?;No Fallacy;Although it is a barbarian act, we need animal testing;;;
Should we allow animal testing for medical purposes?;No Fallacy;Animal testing for medical purposes should be allowed.;;;
The greek exit from the EU is a necessary step.;No Fallacy;I really don't think so;;;
The greek exit from the EU is a necessary step.;No Fallacy;Greek should leave Eurozone, because the consequences will be minimal for the Eurozone. The consequences will be hard for Greeks, but they got to this situation themselves.;;;
The greek exit from the EU is a necessary step.;No Fallacy;Greece should leave the Eurozone because Europe needs to keep a responsible fiscal politics.;;;
The greek exit from the EU is a necessary step.;No Fallacy;Greece needs to stay in the EU for unity of Europe.;;;
The greek exit from the EU is a necessary step.;No Fallacy;tesforArgumentforAr;;;
The greek exit from the EU is a necessary step.;No Fallacy;Greece does not deserve another financial support from Germany - if you compare the social system (retire age, retire money) in Germany and Greece, it's just ridiculous. They are responsible for the current state and should leave Eurozone.;;;
The greek exit from the EU is a necessary step.;Ad Hominem;You are a crimina. So you should exit this discussion.;;;
The greek exit from the EU is a necessary step.;No Fallacy;Economic experts say that further austerity measures will not be beneficial, so we should help Greece with new investment to keep it  in the Eurozone.;;;
The greek exit from the EU is a necessary step.;No Fallacy;The EU would be better adapting so that Greece is able to function well while staying i the country.;;;
The greek exit from the EU is a necessary step.;No Fallacy;But every country that agreed to be in the EU agreed to an obligation to support other EU countries.;;;
The greek exit from the EU is a necessary step.;No Fallacy;No. Greece is one of the countries, that, in its history, has contributed to an european union the most. Throwing this country out of it, would therefore destroy confidence in this community, the most.;;;
Will flying cars ever become a reality?;No Fallacy;Yes, if the scientifical progress stays the same as the last 200 years.;;;
Will flying cars ever become a reality?;Ad Hominem;of course it all starts with a dream and a few dollars.;;;
Will flying cars ever become a reality?;No Fallacy;Of course, with unlimited amount of time everything is possible. We came from fire to rockets in just some thousand years.;;;
Will flying cars ever become a reality?;Ad Hominem;After hogans heroes bob crane had his skull bashed in by a friend video taping having rough sex;;;
Will flying cars ever become a reality?;No Fallacy;That flying cars will become a reality;;;
Will flying cars ever become a reality?;No Fallacy;No way, flying cars will never become a reality.;;;
Will flying cars ever become a reality?;Ad Hominem;Even if that were the case (which it sure isn't) you would be the very, very last person be informed that we can finally use flying cars. You know, just to save the world from your dumbass crashing into everything and everyone like you usually do.;;;
Will flying cars ever become a reality?;No Fallacy;Flying cars are the consequent step forward in mobility technology.;;;
Will flying cars ever become a reality?;No Fallacy;They won't.;;;
Will flying cars ever become a reality?;No Fallacy;Flying cars will become reality someday.;;;
Will flying cars ever become a reality?;Ad Hominem;Flying cars will become reality because I have an technology degree and I say so.;;;
Will flying cars ever become a reality?;No Fallacy;The technical expertise is there, having space ships, airplanes etc., and sooner or later humans have alwas used technology to their advantage and to make things more comfortable/easier for them.;;;
Will flying cars ever become a reality?;No Fallacy;Yes, companies are already working on creating cars which are able to fly quite successfully. Thus flying cars will become reality in the near future.;;;
Will flying cars ever become a reality?;Ad Hominem;Too many slow imbeciles would be crashing into each other due to their inferior reflexes and intelligence. For as long as this planet is full of idiots like you we could never responsibly allow flying cars to exist, even if we had the technology. It's a pity, really.;;;
Will flying cars ever become a reality?;No Fallacy;test your own doc;;;
Will flying cars ever become a reality?;No Fallacy;Of course they will.;;;